{"cameraMode":{"drawMode":0,"name":"Shaded","section":"Shading Mode"},"sceneLighting":true,"audioPlay":false,"sceneViewState":{"m_AlwaysRefresh":false,"showFog":true,"showSkybox":false,"showFlares":true,"showImageEffects":true,"showParticleSystems":true,"showVisualEffectGraphs":true,"m_FxEnabled":false},"in2DMode":false,"pivot":{"x":-0.5100002288818359,"y":13.729999542236329,"z":-21.780000686645509},"rotation":{"x":-0.34243109822273257,"y":-0.007820205762982369,"z":0.00288952374830842,"w":-0.9395493865013123},"size":14.351274490356446,"orthographic":true}